year,country_code,country,spi_score
2016,,High income,72.96
2016,,Low income,46.24
2016,,Lower middle income,51.29
2016,,Upper middle income,58.23
2017,,High income,74.3
2017,,Low income,46.69
2017,,Lower middle income,54.42
2017,,Upper middle income,60.61
2018,,High income,77.85
2018,,Low income,48.68
2018,,Lower middle income,56.63
2018,,Upper middle income,62.88
2019,,High income,78.24
2019,,Low income,48.19
2019,,Lower middle income,56.94
2019,,Upper middle income,63.66
2020,,High income,77.76
2020,,Low income,49.76
2020,,Lower middle income,59.18
2020,,Upper middle income,64.77
2021,,High income,82.38
2021,,Low income,55.25
2021,,Lower middle income,63.88
2021,,Upper middle income,69.22
2022,,High income,80.32
2022,,Low income,54.53
2022,,Lower middle income,63.05
2022,,Upper middle income,67.41
2023,,High income,82.0
2023,,Low income,55.14
2023,,Lower middle income,64.18
2023,,Upper middle income,68.43
2024,,High income,80.94
2024,,Low income,56.01
2024,,Lower middle income,64.1
2024,,Upper middle income,69.27
2016,AFG,Afghanistan,39.72625
2017,AFG,Afghanistan,45.08125
2018,AFG,Afghanistan,52.3483333333333
2019,AFG,Afghanistan,51.9295833333333
2020,AFG,Afghanistan,55.56
2021,AFG,Afghanistan,59.1775
2022,AFG,Afghanistan,58.9883333333333
2023,AFG,Afghanistan,56.7495833333333
2024,AFG,Afghanistan,54.38625
2016,AGO,Angola,47.3954166666667
2017,AGO,Angola,48.3595833333333
2018,AGO,Angola,54.5720833333333
2019,AGO,Angola,57.9525
2020,AGO,Angola,59.17
2021,AGO,Angola,56.45625
2022,AGO,Angola,54.9670833333333
2023,AGO,Angola,57.5958333333333
2024,AGO,Angola,58.1520833333333
2016,ALB,Albania,64.905
2017,ALB,Albania,68.6583333333333
2018,ALB,Albania,78.5966666666667
2019,ALB,Albania,76.0429166666667
2020,ALB,Albania,81.3175
2021,ALB,Albania,85.7804166666667
2022,ALB,Albania,84.42625
2023,ALB,Albania,85.0770833333333
2024,ALB,Albania,83.65375
2022,AND,Andorra,40.3679166666667
2023,AND,Andorra,44.7966666666667
2024,AND,Andorra,49.8675
2016,ARE,United Arab Emirates,46.7033333333333
2017,ARE,United Arab Emirates,54.34
2018,ARE,United Arab Emirates,59.26
2019,ARE,United Arab Emirates,57.6725
2020,ARE,United Arab Emirates,66.1741666666667
2021,ARE,United Arab Emirates,75.9666666666667
2022,ARE,United Arab Emirates,75.9225
2023,ARE,United Arab Emirates,77.305
2024,ARE,United Arab Emirates,79.1495833333333
2016,ARG,Argentina,65.4683333333333
2017,ARG,Argentina,69.0958333333333
2018,ARG,Argentina,68.9429166666667
2019,ARG,Argentina,69.4391666666667
2020,ARG,Argentina,72.1175
2021,ARG,Argentina,77.7279166666667
2022,ARG,Argentina,76.4691666666667
2023,ARG,Argentina,79.1854166666667
2024,ARG,Argentina,80.3908333333333
2016,ARM,Armenia,79.7416666666667
2017,ARM,Armenia,82.04625
2018,ARM,Armenia,83.0604166666667
2019,ARM,Armenia,82.2266666666667
2020,ARM,Armenia,82.9383333333333
2021,ARM,Armenia,85.8125
2022,ARM,Armenia,85.0583333333333
2023,ARM,Armenia,83.3645833333333
2024,ARM,Armenia,82.1804166666667
2020,ATG,Antigua and Barbuda,44.4720833333333
2021,ATG,Antigua and Barbuda,50.2375
2022,ATG,Antigua and Barbuda,51.6395833333333
2023,ATG,Antigua and Barbuda,60.3175
2024,ATG,Antigua and Barbuda,63.2108333333333
2016,AUS,Australia,83.4166666666667
2017,AUS,Australia,85.0633333333333
2018,AUS,Australia,84.3641666666667
2019,AUS,Australia,84.2416666666667
2020,AUS,Australia,83.7279166666667
2021,AUS,Australia,87.0045833333333
2022,AUS,Australia,87.82625
2023,AUS,Australia,88.86625
2024,AUS,Australia,88.9708333333333
2016,AUT,Austria,86.3220833333333
2017,AUT,Austria,86.2295833333333
2018,AUT,Austria,87.8383333333334
2019,AUT,Austria,86.7933333333334
2020,AUT,Austria,88.4525
2021,AUT,Austria,90.9641666666667
2022,AUT,Austria,90.1029166666667
2023,AUT,Austria,92.6466666666667
2024,AUT,Austria,89.3479166666667
2016,AZE,Azerbaijan,54.12875
2017,AZE,Azerbaijan,60.705
2018,AZE,Azerbaijan,68.48625
2019,AZE,Azerbaijan,68.47125
2020,AZE,Azerbaijan,70.8670833333333
2021,AZE,Azerbaijan,73.00375
2022,AZE,Azerbaijan,70.7791666666667
2023,AZE,Azerbaijan,66.78625
2024,AZE,Azerbaijan,69.48875
2016,BDI,Burundi,50.465
2017,BDI,Burundi,54.4920833333333
2018,BDI,Burundi,54.8241666666667
2019,BDI,Burundi,51.2433333333333
2020,BDI,Burundi,50.00625
2021,BDI,Burundi,50.1975
2022,BDI,Burundi,46.85625
2023,BDI,Burundi,43.2808333333333
2024,BDI,Burundi,45.2429166666667
2016,BEL,Belgium,74.9525
2017,BEL,Belgium,75.5820833333333
2018,BEL,Belgium,82.1875
2019,BEL,Belgium,82.805
2020,BEL,Belgium,82.2883333333333
2021,BEL,Belgium,87.97125
2022,BEL,Belgium,88.3666666666667
2023,BEL,Belgium,90.1629166666667
2024,BEL,Belgium,87.25875
2016,BEN,Benin,48.4904166666667
2017,BEN,Benin,51.0004166666667
2018,BEN,Benin,52.7995833333334
2019,BEN,Benin,52.3829166666667
2020,BEN,Benin,60.3591666666667
2021,BEN,Benin,67.1979166666667
2022,BEN,Benin,65.7429166666667
2023,BEN,Benin,68.0366666666667
2024,BEN,Benin,71.0275
2016,BFA,Burkina Faso,49.4675
2017,BFA,Burkina Faso,52.9191666666667
2018,BFA,Burkina Faso,54.8533333333333
2019,BFA,Burkina Faso,54.4566666666667
2020,BFA,Burkina Faso,53.6695833333333
2021,BFA,Burkina Faso,70.4295833333333
2022,BFA,Burkina Faso,67.0816666666667
2023,BFA,Burkina Faso,73.9791666666667
2024,BFA,Burkina Faso,76.3679166666667
2016,BGD,Bangladesh,57.1575
2017,BGD,Bangladesh,59.6020833333333
2018,BGD,Bangladesh,59.3608333333333
2019,BGD,Bangladesh,59.2433333333333
2020,BGD,Bangladesh,61.3095833333334
2021,BGD,Bangladesh,69.89625
2022,BGD,Bangladesh,70.3195833333333
2023,BGD,Bangladesh,71.4820833333334
2024,BGD,Bangladesh,71.6383333333333
2016,BGR,Bulgaria,75.01375
2017,BGR,Bulgaria,76.75125
2018,BGR,Bulgaria,82.3383333333333
2019,BGR,Bulgaria,81.9933333333333
2020,BGR,Bulgaria,83.3829166666667
2021,BGR,Bulgaria,87.4795833333333
2022,BGR,Bulgaria,87.1504166666667
2023,BGR,Bulgaria,88.3504166666667
2024,BGR,Bulgaria,83.5541666666667
2016,BHR,Bahrain,42.49875
2017,BHR,Bahrain,44.8083333333333
2018,BHR,Bahrain,50.9575
2019,BHR,Bahrain,50.94
2020,BHR,Bahrain,54.3458333333333
2021,BHR,Bahrain,54.82
2022,BHR,Bahrain,54.9633333333333
2023,BHR,Bahrain,51.5791666666667
2024,BHR,Bahrain,51.96125
2016,BHS,"Bahamas, The",36.7020833333333
2017,BHS,"Bahamas, The",38.7033333333333
2018,BHS,"Bahamas, The",48.9258333333333
2019,BHS,"Bahamas, The",45.4541666666667
2020,BHS,"Bahamas, The",48.4733333333333
2021,BHS,"Bahamas, The",53.1579166666667
2022,BHS,"Bahamas, The",53.2491666666667
2023,BHS,"Bahamas, The",51.7666666666667
2024,BHS,"Bahamas, The",51.2570833333333
2016,BIH,Bosnia and Herzegovina,55.3770833333333
2017,BIH,Bosnia and Herzegovina,55.8620833333333
2018,BIH,Bosnia and Herzegovina,61.56
2019,BIH,Bosnia and Herzegovina,61.5675
2020,BIH,Bosnia and Herzegovina,62.7070833333333
2021,BIH,Bosnia and Herzegovina,70.86
2022,BIH,Bosnia and Herzegovina,68.45375
2023,BIH,Bosnia and Herzegovina,68.77625
2024,BIH,Bosnia and Herzegovina,68.55875
2016,BLR,Belarus,66.4179166666667
2017,BLR,Belarus,66.0933333333333
2018,BLR,Belarus,76.7870833333333
2019,BLR,Belarus,79.80125
2020,BLR,Belarus,83.6495833333333
2021,BLR,Belarus,88.46375
2022,BLR,Belarus,88.4591666666667
2023,BLR,Belarus,79.40125
2024,BLR,Belarus,77.1975
2016,BLZ,Belize,48.0558333333333
2017,BLZ,Belize,51.71125
2018,BLZ,Belize,58.5129166666667
2019,BLZ,Belize,56.7654166666667
2020,BLZ,Belize,56.6970833333333
2021,BLZ,Belize,64.3066666666667
2022,BLZ,Belize,65.8433333333333
2023,BLZ,Belize,66.7883333333333
2024,BLZ,Belize,67.6841666666667
2016,BOL,Bolivia,58.1141666666667
2017,BOL,Bolivia,61.7525
2018,BOL,Bolivia,59.0725
2019,BOL,Bolivia,58.98625
2020,BOL,Bolivia,60.7004166666667
2021,BOL,Bolivia,67.1495833333333
2022,BOL,Bolivia,67.0241666666667
2023,BOL,Bolivia,68.8583333333333
2024,BOL,Bolivia,70.2320833333333
2016,BRA,Brazil,74.2770833333333
2017,BRA,Brazil,74.2466666666667
2018,BRA,Brazil,77.6133333333333
2019,BRA,Brazil,79.2570833333333
2020,BRA,Brazil,79.1708333333333
2021,BRA,Brazil,81.2129166666667
2022,BRA,Brazil,81.0804166666667
2023,BRA,Brazil,80.6391666666667
2024,BRA,Brazil,82.3083333333334
2022,BRB,Barbados,60.69625
2023,BRB,Barbados,62.835
2024,BRB,Barbados,61.7391666666667
2020,BRN,Brunei Darussalam,57.1933333333333
2021,BRN,Brunei Darussalam,61.715
2022,BRN,Brunei Darussalam,60.87
2023,BRN,Brunei Darussalam,63.20625
2024,BRN,Brunei Darussalam,61.4375
2016,BTN,Bhutan,47.4979166666667
2017,BTN,Bhutan,55.185
2018,BTN,Bhutan,53.0754166666667
2019,BTN,Bhutan,51.9879166666667
2020,BTN,Bhutan,51.725
2021,BTN,Bhutan,57.42375
2022,BTN,Bhutan,57.1216666666667
2023,BTN,Bhutan,59.1054166666667
2024,BTN,Bhutan,57.9716666666667
2016,BWA,Botswana,50.59125
2017,BWA,Botswana,57.535
2018,BWA,Botswana,56.8104166666667
2019,BWA,Botswana,58.0091666666667
2020,BWA,Botswana,58.83
2021,BWA,Botswana,60.0416666666667
2022,BWA,Botswana,60.80375
2023,BWA,Botswana,64.62375
2024,BWA,Botswana,64.2108333333333
2022,CAF,Central African Republic,41.6225
2023,CAF,Central African Republic,47.26625
2024,CAF,Central African Republic,46.8416666666667
2016,CAN,Canada,86.2795833333333
2017,CAN,Canada,86.44875
2018,CAN,Canada,86.5708333333333
2019,CAN,Canada,87.4658333333333
2020,CAN,Canada,87.4366666666667
2021,CAN,Canada,93.4208333333333
2022,CAN,Canada,91.8216666666667
2023,CAN,Canada,93.4616666666667
2024,CAN,Canada,92.35875
2016,CHE,Switzerland,84.39125
2017,CHE,Switzerland,85.2566666666667
2018,CHE,Switzerland,86.2591666666667
2019,CHE,Switzerland,86.1816666666667
2020,CHE,Switzerland,87.42
2021,CHE,Switzerland,90.3866666666667
2022,CHE,Switzerland,89.04125
2023,CHE,Switzerland,90.2925
2024,CHE,Switzerland,88.7125
2016,CHL,Chile,79.68125
2017,CHL,Chile,78.9216666666667
2018,CHL,Chile,80.5045833333333
2019,CHL,Chile,82.4370833333333
2020,CHL,Chile,82.6420833333333
2021,CHL,Chile,86.4420833333333
2022,CHL,Chile,86.1070833333333
2023,CHL,Chile,86.8170833333333
2024,CHL,Chile,89.3791666666666
2016,CHN,China,53.63625
2017,CHN,China,55.1675
2018,CHN,China,56.0395833333333
2019,CHN,China,59.555
2020,CHN,China,57.4775
2021,CHN,China,58.64875
2022,CHN,China,55.8675
2023,CHN,China,58.84375
2024,CHN,China,57.9266666666667
2016,CIV,Cote d'Ivoire,46.9166666666667
2017,CIV,Cote d'Ivoire,52.155
2018,CIV,Cote d'Ivoire,53.2783333333333
2019,CIV,Cote d'Ivoire,51.7783333333333
2020,CIV,Cote d'Ivoire,56.7991666666667
2021,CIV,Cote d'Ivoire,66.6858333333333
2022,CIV,Cote d'Ivoire,63.75375
2023,CIV,Cote d'Ivoire,64.88625
2024,CIV,Cote d'Ivoire,70.20125
2016,CMR,Cameroon,52.9966666666667
2017,CMR,Cameroon,57.04
2018,CMR,Cameroon,57.0583333333333
2019,CMR,Cameroon,54.8033333333333
2020,CMR,Cameroon,53.6433333333333
2021,CMR,Cameroon,57.5270833333333
2022,CMR,Cameroon,58.5816666666667
2023,CMR,Cameroon,60.1241666666667
2024,CMR,Cameroon,66.0475
2017,COD,"Congo, Dem. Rep.",33.12125
2018,COD,"Congo, Dem. Rep.",40.95625
2019,COD,"Congo, Dem. Rep.",30.4233333333333
2020,COD,"Congo, Dem. Rep.",43.1770833333333
2021,COD,"Congo, Dem. Rep.",47.4333333333333
2022,COD,"Congo, Dem. Rep.",45.3216666666667
2023,COD,"Congo, Dem. Rep.",46.7791666666667
2024,COD,"Congo, Dem. Rep.",46.28125
2016,COG,"Congo, Rep.",42.6620833333333
2017,COG,"Congo, Rep.",41.6183333333333
2018,COG,"Congo, Rep.",36.6516666666667
2019,COG,"Congo, Rep.",36.2366666666667
2020,COG,"Congo, Rep.",31.7329166666667
2021,COG,"Congo, Rep.",33.7954166666667
2022,COG,"Congo, Rep.",32.4829166666667
2023,COG,"Congo, Rep.",38.4916666666667
2024,COG,"Congo, Rep.",38.8708333333333
2016,COL,Colombia,71.59
2017,COL,Colombia,71.9825
2018,COL,Colombia,72.2754166666667
2019,COL,Colombia,74.0954166666667
2020,COL,Colombia,79.0683333333333
2021,COL,Colombia,82.7475
2022,COL,Colombia,82.22375
2023,COL,Colombia,83.2725
2024,COL,Colombia,83.4383333333333
2024,COM,Comoros,50.50375
2016,CPV,Cabo Verde,53.0125
2017,CPV,Cabo Verde,55.91375
2018,CPV,Cabo Verde,56.5529166666667
2019,CPV,Cabo Verde,56.6654166666667
2020,CPV,Cabo Verde,60.77125
2021,CPV,Cabo Verde,67.385
2022,CPV,Cabo Verde,65.2020833333333
2023,CPV,Cabo Verde,60.5241666666667
2024,CPV,Cabo Verde,59.87375
2016,CRI,Costa Rica,78.36625
2017,CRI,Costa Rica,84.2466666666667
2018,CRI,Costa Rica,83.3591666666667
2019,CRI,Costa Rica,85.7779166666667
2020,CRI,Costa Rica,87.99625
2021,CRI,Costa Rica,91.0041666666667
2022,CRI,Costa Rica,90.0945833333333
2023,CRI,Costa Rica,89.1720833333333
2024,CRI,Costa Rica,90.9845833333333
2016,CYP,Cyprus,66.5145833333333
2017,CYP,Cyprus,66.8141666666667
2018,CYP,Cyprus,79.8841666666667
2019,CYP,Cyprus,79.6179166666667
2020,CYP,Cyprus,76.7916666666667
2021,CYP,Cyprus,86.5670833333333
2022,CYP,Cyprus,85.7320833333333
2023,CYP,Cyprus,88.0020833333333
2024,CYP,Cyprus,85.0570833333333
2016,CZE,Czechia,80.0025
2017,CZE,Czechia,80.47125
2018,CZE,Czechia,86.8858333333334
2019,CZE,Czechia,86.7308333333333
2020,CZE,Czechia,87.8920833333333
2021,CZE,Czechia,92.01125
2022,CZE,Czechia,89.61625
2023,CZE,Czechia,91.04125
2024,CZE,Czechia,87.01
2016,DEU,Germany,84.9066666666667
2017,DEU,Germany,85.5679166666667
2018,DEU,Germany,87.4416666666667
2019,DEU,Germany,87.8279166666667
2020,DEU,Germany,87.80625
2021,DEU,Germany,92.1391666666667
2022,DEU,Germany,91.7820833333333
2023,DEU,Germany,92.4708333333333
2024,DEU,Germany,90.0554166666667
2016,DJI,Djibouti,23.96375
2017,DJI,Djibouti,29.8733333333333
2018,DJI,Djibouti,37.105
2019,DJI,Djibouti,38.27625
2020,DJI,Djibouti,39.9570833333333
2021,DJI,Djibouti,46.7020833333333
2022,DJI,Djibouti,44.6766666666667
2023,DJI,Djibouti,39.58
2024,DJI,Djibouti,38.1079166666667
2020,DMA,Dominica,40.5429166666667
2021,DMA,Dominica,38.8804166666667
2022,DMA,Dominica,35.7225
2023,DMA,Dominica,36.3425
2024,DMA,Dominica,40.7070833333333
2016,DNK,Denmark,79.6383333333334
2017,DNK,Denmark,81.1179166666667
2018,DNK,Denmark,88.7645833333333
2019,DNK,Denmark,88.8820833333333
2020,DNK,Denmark,89.4591666666667
2021,DNK,Denmark,94.4145833333333
2022,DNK,Denmark,93.2033333333333
2023,DNK,Denmark,95.2558333333333
2024,DNK,Denmark,92.0504166666667
2016,DOM,Dominican Republic,63.1716666666667
2017,DOM,Dominican Republic,65.745
2018,DOM,Dominican Republic,63.1283333333333
2019,DOM,Dominican Republic,64.8345833333333
2020,DOM,Dominican Republic,64.9525
2021,DOM,Dominican Republic,70.6895833333333
2022,DOM,Dominican Republic,73.2083333333333
2023,DOM,Dominican Republic,74.4533333333333
2024,DOM,Dominican Republic,75.2158333333333
2016,DZA,Algeria,44.7304166666667
2017,DZA,Algeria,48.5445833333333
2018,DZA,Algeria,55.9183333333333
2019,DZA,Algeria,58.3225
2020,DZA,Algeria,53.74625
2021,DZA,Algeria,63.8041666666667
2022,DZA,Algeria,60.9066666666667
2023,DZA,Algeria,57.3629166666667
2024,DZA,Algeria,55.2375
2016,ECU,Ecuador,70.3695833333333
2017,ECU,Ecuador,71.03375
2018,ECU,Ecuador,72.9104166666666
2019,ECU,Ecuador,72.4466666666667
2020,ECU,Ecuador,74.2008333333333
2021,ECU,Ecuador,78.5733333333333
2022,ECU,Ecuador,78.5770833333333
2023,ECU,Ecuador,78.4745833333333
2024,ECU,Ecuador,79.8583333333333
2016,EGY,"Egypt, Arab Rep.",76.2695833333333
2017,EGY,"Egypt, Arab Rep.",75.5754166666667
2018,EGY,"Egypt, Arab Rep.",75.7083333333333
2019,EGY,"Egypt, Arab Rep.",74.4008333333333
2020,EGY,"Egypt, Arab Rep.",76.3425
2021,EGY,"Egypt, Arab Rep.",76.6370833333333
2022,EGY,"Egypt, Arab Rep.",75.9529166666667
2023,EGY,"Egypt, Arab Rep.",77.7866666666667
2024,EGY,"Egypt, Arab Rep.",78.1379166666667
2016,ESP,Spain,86.0908333333333
2017,ESP,Spain,86.7870833333333
2018,ESP,Spain,87.5154166666667
2019,ESP,Spain,88.5241666666667
2020,ESP,Spain,87.93375
2021,ESP,Spain,91.5341666666667
2022,ESP,Spain,91.5025
2023,ESP,Spain,94.325
2024,ESP,Spain,91.8229166666667
2016,EST,Estonia,80.5945833333333
2017,EST,Estonia,80.1879166666667
2018,EST,Estonia,86.755
2019,EST,Estonia,86.41375
2020,EST,Estonia,86.54625
2021,EST,Estonia,86.8691666666667
2022,EST,Estonia,91.8920833333333
2023,EST,Estonia,92.7945833333333
2024,EST,Estonia,88.7875
2016,ETH,Ethiopia,51.31875
2017,ETH,Ethiopia,56.3720833333333
2018,ETH,Ethiopia,54.42625
2019,ETH,Ethiopia,50.0925
2020,ETH,Ethiopia,50.14375
2021,ETH,Ethiopia,60.84375
2022,ETH,Ethiopia,61.9120833333333
2023,ETH,Ethiopia,62.67375
2024,ETH,Ethiopia,61.74875
2016,FIN,Finland,87.46125
2017,FIN,Finland,88.5458333333333
2018,FIN,Finland,88.7475
2019,FIN,Finland,88.8475
2020,FIN,Finland,90.7908333333333
2021,FIN,Finland,94.3075
2022,FIN,Finland,93.7491666666667
2023,FIN,Finland,95.1154166666667
2024,FIN,Finland,90.37125
2016,FJI,Fiji,55.14625
2017,FJI,Fiji,61.6583333333333
2018,FJI,Fiji,61.6345833333333
2019,FJI,Fiji,60.2608333333333
2020,FJI,Fiji,54.61875
2021,FJI,Fiji,63.9004166666667
2022,FJI,Fiji,61.4220833333333
2023,FJI,Fiji,62.4983333333333
2024,FJI,Fiji,67.6766666666667
2016,FRA,France,84.8804166666667
2017,FRA,France,86.5266666666667
2018,FRA,France,86.4920833333333
2019,FRA,France,86.2333333333333
2020,FRA,France,87.5466666666667
2021,FRA,France,90.7808333333333
2022,FRA,France,90.8395833333333
2023,FRA,France,92.8295833333333
2024,FRA,France,88.3695833333334
2016,FSM,"Micronesia, Fed. Sts.",25.1125
2017,FSM,"Micronesia, Fed. Sts.",28.0345833333333
2018,FSM,"Micronesia, Fed. Sts.",28.1975
2019,FSM,"Micronesia, Fed. Sts.",27.90125
2020,FSM,"Micronesia, Fed. Sts.",35.9770833333333
2021,FSM,"Micronesia, Fed. Sts.",37.8225
2022,FSM,"Micronesia, Fed. Sts.",36.5354166666667
2023,FSM,"Micronesia, Fed. Sts.",36.5079166666667
2024,FSM,"Micronesia, Fed. Sts.",37.1033333333333
2016,GAB,Gabon,27.19875
2017,GAB,Gabon,31.9983333333333
2018,GAB,Gabon,27.5720833333333
2019,GAB,Gabon,32.0545833333333
2020,GAB,Gabon,36.0954166666667
2021,GAB,Gabon,45.8695833333333
2022,GAB,Gabon,45.4354166666667
2023,GAB,Gabon,46.8291666666667
2024,GAB,Gabon,45.4820833333333
2016,GBR,United Kingdom,82.0566666666667
2017,GBR,United Kingdom,83.1716666666667
2018,GBR,United Kingdom,83.1895833333333
2019,GBR,United Kingdom,83.0383333333333
2020,GBR,United Kingdom,83.55
2021,GBR,United Kingdom,87.3616666666667
2022,GBR,United Kingdom,86.6475
2023,GBR,United Kingdom,88.9025
2024,GBR,United Kingdom,88.3775
2016,GEO,Georgia,77.045
2017,GEO,Georgia,80.25
2018,GEO,Georgia,78.7829166666667
2019,GEO,Georgia,81.7304166666667
2020,GEO,Georgia,86.49625
2021,GEO,Georgia,90.0291666666667
2022,GEO,Georgia,89.56625
2023,GEO,Georgia,89.2675
2024,GEO,Georgia,87.7170833333333
2016,GHA,Ghana,59.3425
2017,GHA,Ghana,62.6704166666667
2018,GHA,Ghana,62.3433333333333
2019,GHA,Ghana,64.1658333333333
2020,GHA,Ghana,63.9729166666667
2021,GHA,Ghana,66.1479166666667
2022,GHA,Ghana,62.9425
2023,GHA,Ghana,66.245
2024,GHA,Ghana,65.7383333333333
2016,GIN,Guinea,42.69875
2017,GIN,Guinea,44.6575
2018,GIN,Guinea,42.80125
2019,GIN,Guinea,51.03875
2020,GIN,Guinea,50.9508333333333
2021,GIN,Guinea,60.5191666666667
2022,GIN,Guinea,59.1379166666667
2023,GIN,Guinea,51.3225
2024,GIN,Guinea,49.9133333333333
2016,GMB,"Gambia, The",46.52875
2017,GMB,"Gambia, The",50.7195833333333
2018,GMB,"Gambia, The",52.5208333333333
2019,GMB,"Gambia, The",48.2304166666667
2020,GMB,"Gambia, The",55.4504166666666
2021,GMB,"Gambia, The",67.3758333333333
2022,GMB,"Gambia, The",66.0033333333333
2023,GMB,"Gambia, The",68.58875
2024,GMB,"Gambia, The",67.01375
2016,GNB,Guinea-Bissau,32.6775
2017,GNB,Guinea-Bissau,41.075
2018,GNB,Guinea-Bissau,46.0166666666667
2019,GNB,Guinea-Bissau,37.7325
2020,GNB,Guinea-Bissau,32.2329166666667
2021,GNB,Guinea-Bissau,39.3091666666667
2022,GNB,Guinea-Bissau,40.8591666666667
2023,GNB,Guinea-Bissau,43.9041666666667
2024,GNB,Guinea-Bissau,47.5233333333333
2020,GNQ,Equatorial Guinea,33.9470833333333
2021,GNQ,Equatorial Guinea,35.2958333333333
2022,GNQ,Equatorial Guinea,34.8304166666667
2023,GNQ,Equatorial Guinea,31.07125
2024,GNQ,Equatorial Guinea,32.1475
2016,GRC,Greece,82.5491666666667
2017,GRC,Greece,83.86875
2018,GRC,Greece,84.4470833333333
2019,GRC,Greece,85.3608333333333
2020,GRC,Greece,85.9520833333333
2021,GRC,Greece,89.91375
2022,GRC,Greece,88.7479166666667
2023,GRC,Greece,90.5754166666667
2024,GRC,Greece,86.5841666666667
2022,GRD,Grenada,48.4091666666667
2023,GRD,Grenada,49.0658333333333
2024,GRD,Grenada,50.8104166666667
2016,GTM,Guatemala,58.8533333333333
2017,GTM,Guatemala,62.16
2018,GTM,Guatemala,63.1325
2019,GTM,Guatemala,62.53625
2020,GTM,Guatemala,69.755
2021,GTM,Guatemala,74.0341666666667
2022,GTM,Guatemala,72.9729166666667
2023,GTM,Guatemala,76.9379166666667
2024,GTM,Guatemala,79.3558333333334
2016,GUY,Guyana,35.8866666666667
2017,GUY,Guyana,35.0425
2018,GUY,Guyana,44.8008333333333
2019,GUY,Guyana,48.6495833333333
2020,GUY,Guyana,50.17375
2021,GUY,Guyana,54.3075
2022,GUY,Guyana,53.1045833333333
2023,GUY,Guyana,54.0520833333333
2024,GUY,Guyana,54.0583333333333
2016,HND,Honduras,59.21125
2017,HND,Honduras,61.2129166666667
2018,HND,Honduras,61.41
2019,HND,Honduras,61.17625
2020,HND,Honduras,58.0445833333333
2021,HND,Honduras,60.7825
2022,HND,Honduras,60.4433333333333
2023,HND,Honduras,65.5008333333333
2024,HND,Honduras,65.6825
2016,HRV,Croatia,66.4333333333333
2017,HRV,Croatia,65.02
2018,HRV,Croatia,70.5216666666667
2019,HRV,Croatia,70.7941666666667
2020,HRV,Croatia,76.0133333333334
2021,HRV,Croatia,86.5179166666667
2022,HRV,Croatia,84.8408333333333
2023,HRV,Croatia,87.0233333333333
2024,HRV,Croatia,85.0504166666667
2016,HTI,Haiti,36.1866666666667
2017,HTI,Haiti,40.665
2018,HTI,Haiti,41.2425
2019,HTI,Haiti,34.6795833333333
2020,HTI,Haiti,38.2520833333333
2021,HTI,Haiti,40.5720833333333
2022,HTI,Haiti,36.5566666666667
2023,HTI,Haiti,37.6054166666667
2024,HTI,Haiti,38.7441666666667
2016,HUN,Hungary,83.7516666666667
2017,HUN,Hungary,84.5366666666667
2018,HUN,Hungary,84.6366666666667
2019,HUN,Hungary,84.8341666666667
2020,HUN,Hungary,86.09375
2021,HUN,Hungary,89.9304166666667
2022,HUN,Hungary,86.8725
2023,HUN,Hungary,90.22125
2024,HUN,Hungary,87.8716666666667
2016,IDN,Indonesia,68.5645833333333
2017,IDN,Indonesia,70.4541666666667
2018,IDN,Indonesia,72.02125
2019,IDN,Indonesia,71.8725
2020,IDN,Indonesia,74.08875
2021,IDN,Indonesia,78.7891666666667
2022,IDN,Indonesia,78.5958333333333
2023,IDN,Indonesia,81.0933333333333
2024,IDN,Indonesia,82.3445833333333
2016,IND,India,65.71875
2017,IND,India,64.9958333333333
2018,IND,India,67.0854166666667
2019,IND,India,68.3804166666667
2020,IND,India,73.48875
2021,IND,India,77.4279166666667
2022,IND,India,76.9408333333333
2023,IND,India,77.3083333333333
2024,IND,India,73.7183333333333
2016,IRL,Ireland,83.9304166666667
2017,IRL,Ireland,85.6495833333333
2018,IRL,Ireland,86.2975
2019,IRL,Ireland,87.3775
2020,IRL,Ireland,88.7045833333333
2021,IRL,Ireland,92.815
2022,IRL,Ireland,89.76125
2023,IRL,Ireland,91.41625
2024,IRL,Ireland,88.3179166666667
2016,IRN,"Iran, Islamic Rep.",49.67875
2017,IRN,"Iran, Islamic Rep.",49.1416666666667
2018,IRN,"Iran, Islamic Rep.",57.2620833333333
2019,IRN,"Iran, Islamic Rep.",57.3583333333333
2020,IRN,"Iran, Islamic Rep.",52.1720833333333
2021,IRN,"Iran, Islamic Rep.",57.71875
2022,IRN,"Iran, Islamic Rep.",58.1508333333333
2023,IRN,"Iran, Islamic Rep.",62.9625
2024,IRN,"Iran, Islamic Rep.",63.5175
2016,IRQ,Iraq,36.7941666666667
2017,IRQ,Iraq,34.0366666666667
2018,IRQ,Iraq,31.81125
2019,IRQ,Iraq,35.965
2020,IRQ,Iraq,40.8379166666667
2021,IRQ,Iraq,53.5270833333333
2022,IRQ,Iraq,51.6666666666667
2023,IRQ,Iraq,54.1141666666667
2024,IRQ,Iraq,53.9833333333333
2016,ISL,Iceland,69.4716666666667
2017,ISL,Iceland,71.7295833333334
2018,ISL,Iceland,78.2945833333333
2019,ISL,Iceland,78.3533333333333
2020,ISL,Iceland,79.9416666666667
2021,ISL,Iceland,83.4195833333334
2022,ISL,Iceland,86.0866666666667
2023,ISL,Iceland,81.7425
2024,ISL,Iceland,81.4704166666667
2016,ISR,Israel,77.38
2017,ISR,Israel,81.6783333333333
2018,ISR,Israel,81.69
2019,ISR,Israel,81.4725
2020,ISR,Israel,81.96125
2021,ISR,Israel,84.9141666666667
2022,ISR,Israel,85.9816666666667
2023,ISR,Israel,87.8904166666667
2024,ISR,Israel,90.29375
2016,ITA,Italy,88.6241666666667
2017,ITA,Italy,88.4704166666667
2018,ITA,Italy,88.1879166666667
2019,ITA,Italy,88.1991666666667
2020,ITA,Italy,88.6166666666667
2021,ITA,Italy,92.4858333333333
2022,ITA,Italy,91.4525
2023,ITA,Italy,93.63875
2024,ITA,Italy,90.93125
2016,JAM,Jamaica,51.0254166666667
2017,JAM,Jamaica,54.0858333333333
2018,JAM,Jamaica,59.6504166666667
2019,JAM,Jamaica,58.6429166666667
2020,JAM,Jamaica,60.4416666666667
2021,JAM,Jamaica,71.2258333333333
2022,JAM,Jamaica,68.9995833333333
2023,JAM,Jamaica,71.3720833333333
2024,JAM,Jamaica,73.4679166666667
2016,JOR,Jordan,56.1858333333333
2017,JOR,Jordan,54.8420833333333
2018,JOR,Jordan,56.22
2019,JOR,Jordan,59.84375
2020,JOR,Jordan,66.4808333333334
2021,JOR,Jordan,77.145
2022,JOR,Jordan,78.6245833333333
2023,JOR,Jordan,78.4520833333333
2024,JOR,Jordan,78.8133333333333
2016,JPN,Japan,76.1183333333333
2017,JPN,Japan,78.05
2018,JPN,Japan,87.0325
2019,JPN,Japan,87.1425
2020,JPN,Japan,87.76
2021,JPN,Japan,90.7079166666667
2022,JPN,Japan,90.28875
2023,JPN,Japan,90.94375
2024,JPN,Japan,90.9929166666667
2016,KAZ,Kazakhstan,71.67625
2017,KAZ,Kazakhstan,72.4541666666667
2018,KAZ,Kazakhstan,79.2716666666667
2019,KAZ,Kazakhstan,78.8991666666667
2020,KAZ,Kazakhstan,78.5183333333333
2021,KAZ,Kazakhstan,82.6458333333333
2022,KAZ,Kazakhstan,81.9291666666667
2023,KAZ,Kazakhstan,82.8054166666667
2024,KAZ,Kazakhstan,84.8933333333333
2016,KEN,Kenya,55.9166666666667
2017,KEN,Kenya,56.9979166666667
2018,KEN,Kenya,54.9629166666667
2019,KEN,Kenya,56.5345833333333
2020,KEN,Kenya,61.3158333333333
2021,KEN,Kenya,68.0683333333333
2022,KEN,Kenya,68.5641666666667
2023,KEN,Kenya,70.6379166666667
2024,KEN,Kenya,73.355
2016,KGZ,Kyrgyz Republic,81.0941666666667
2017,KGZ,Kyrgyz Republic,80.13125
2018,KGZ,Kyrgyz Republic,78.3245833333333
2019,KGZ,Kyrgyz Republic,80.8058333333333
2020,KGZ,Kyrgyz Republic,82.015
2021,KGZ,Kyrgyz Republic,84.2941666666667
2022,KGZ,Kyrgyz Republic,84.6545833333333
2023,KGZ,Kyrgyz Republic,77.7808333333333
2024,KGZ,Kyrgyz Republic,79.1479166666667
2016,KHM,Cambodia,53.78625
2017,KHM,Cambodia,56.8629166666667
2018,KHM,Cambodia,53.8333333333333
2019,KHM,Cambodia,56.1958333333333
2020,KHM,Cambodia,54.76375
2021,KHM,Cambodia,60.2216666666667
2022,KHM,Cambodia,60.5991666666667
2023,KHM,Cambodia,61.6466666666667
2024,KHM,Cambodia,63.01375
2016,KIR,Kiribati,28.0595833333333
2017,KIR,Kiribati,28.37
2018,KIR,Kiribati,28.1175
2019,KIR,Kiribati,28.4975
2020,KIR,Kiribati,42.8220833333333
2021,KIR,Kiribati,46.3458333333333
2022,KIR,Kiribati,47.2516666666667
2023,KIR,Kiribati,49.3379166666667
2024,KIR,Kiribati,50.0416666666667
2020,KNA,St. Kitts and Nevis,35.6083333333333
2021,KNA,St. Kitts and Nevis,44.9041666666667
2022,KNA,St. Kitts and Nevis,44.77375
2023,KNA,St. Kitts and Nevis,38.1608333333333
2024,KNA,St. Kitts and Nevis,42.6591666666667
2016,KOR,"Korea, Rep.",76.1670833333333
2017,KOR,"Korea, Rep.",78.5020833333333
2018,KOR,"Korea, Rep.",84.8145833333333
2019,KOR,"Korea, Rep.",84.6170833333333
2020,KOR,"Korea, Rep.",86.50125
2021,KOR,"Korea, Rep.",88.9341666666667
2022,KOR,"Korea, Rep.",88.455
2023,KOR,"Korea, Rep.",91.4525
2024,KOR,"Korea, Rep.",91.5675
2016,KWT,Kuwait,45.54
2017,KWT,Kuwait,50.4166666666667
2018,KWT,Kuwait,55.7208333333334
2019,KWT,Kuwait,58.0495833333334
2020,KWT,Kuwait,60.1775
2021,KWT,Kuwait,66.2354166666667
2022,KWT,Kuwait,59.9104166666667
2023,KWT,Kuwait,62.4379166666667
2024,KWT,Kuwait,63.3754166666667
2016,LAO,Lao PDR,41.50875
2017,LAO,Lao PDR,45.5070833333333
2018,LAO,Lao PDR,48.3854166666667
2019,LAO,Lao PDR,53.28875
2020,LAO,Lao PDR,56.68
2021,LAO,Lao PDR,60.3404166666667
2022,LAO,Lao PDR,58.6629166666667
2023,LAO,Lao PDR,60.8904166666667
2024,LAO,Lao PDR,60.84125
2016,LBN,Lebanon,32.7429166666667
2017,LBN,Lebanon,37.5745833333333
2018,LBN,Lebanon,49.1029166666667
2019,LBN,Lebanon,55.5304166666667
2020,LBN,Lebanon,58.72375
2021,LBN,Lebanon,63.9133333333333
2022,LBN,Lebanon,61.6133333333333
2023,LBN,Lebanon,61.8495833333333
2024,LBN,Lebanon,57.81375
2016,LBR,Liberia,43.2595833333333
2017,LBR,Liberia,50.8408333333333
2018,LBR,Liberia,50.77625
2019,LBR,Liberia,52.6016666666667
2020,LBR,Liberia,58.4325
2021,LBR,Liberia,63.84125
2022,LBR,Liberia,61.95375
2023,LBR,Liberia,59.06625
2024,LBR,Liberia,59.1216666666667
2016,LBY,Libya,23.4416666666667
2017,LBY,Libya,26.7275
2018,LBY,Libya,22.5658333333333
2019,LBY,Libya,22.2308333333333
2020,LBY,Libya,23.4145833333333
2021,LBY,Libya,23.5495833333333
2022,LBY,Libya,23.4975
2023,LBY,Libya,33.0641666666667
2024,LBY,Libya,34.75125
2016,LCA,St. Lucia,56.245
2017,LCA,St. Lucia,57.1179166666667
2018,LCA,St. Lucia,55.9054166666667
2019,LCA,St. Lucia,51.8241666666667
2020,LCA,St. Lucia,62.2370833333333
2021,LCA,St. Lucia,65.7216666666667
2022,LCA,St. Lucia,63.6733333333333
2023,LCA,St. Lucia,64.3308333333333
2024,LCA,St. Lucia,64.1745833333333
2016,LKA,Sri Lanka,73.2308333333333
2017,LKA,Sri Lanka,74.4354166666667
2018,LKA,Sri Lanka,72.7591666666667
2019,LKA,Sri Lanka,74.7179166666667
2020,LKA,Sri Lanka,77.1891666666667
2021,LKA,Sri Lanka,79.2754166666667
2022,LKA,Sri Lanka,76.7316666666667
2023,LKA,Sri Lanka,77.8670833333333
2024,LKA,Sri Lanka,74.575
2016,LSO,Lesotho,49.03875
2017,LSO,Lesotho,54.7070833333333
2018,LSO,Lesotho,56.0341666666667
2019,LSO,Lesotho,55.2154166666667
2020,LSO,Lesotho,51.45625
2021,LSO,Lesotho,58.6291666666667
2022,LSO,Lesotho,57.0116666666667
2023,LSO,Lesotho,58.0479166666667
2024,LSO,Lesotho,58.2395833333333
2016,LTU,Lithuania,78.5691666666667
2017,LTU,Lithuania,78.6508333333333
2018,LTU,Lithuania,85.10875
2019,LTU,Lithuania,84.94375
2020,LTU,Lithuania,85.08625
2021,LTU,Lithuania,91.1054166666667
2022,LTU,Lithuania,90.5708333333333
2023,LTU,Lithuania,93.4808333333334
2024,LTU,Lithuania,89.36125
2016,LUX,Luxembourg,68.7441666666667
2017,LUX,Luxembourg,71.0133333333333
2018,LUX,Luxembourg,78.86375
2019,LUX,Luxembourg,78.67125
2020,LUX,Luxembourg,80.575
2021,LUX,Luxembourg,85.5866666666667
2022,LUX,Luxembourg,88.0833333333333
2023,LUX,Luxembourg,88.9408333333333
2024,LUX,Luxembourg,85.8179166666667
2016,LVA,Latvia,83.8820833333333
2017,LVA,Latvia,84.3395833333333
2018,LVA,Latvia,83.6691666666667
2019,LVA,Latvia,83.3891666666667
2020,LVA,Latvia,84.0691666666667
2021,LVA,Latvia,87.9795833333333
2022,LVA,Latvia,89.0508333333333
2023,LVA,Latvia,91.4270833333333
2024,LVA,Latvia,88.08125
2016,MAR,Morocco,60.0216666666667
2017,MAR,Morocco,63.67625
2018,MAR,Morocco,66.5241666666667
2019,MAR,Morocco,65.6829166666667
2020,MAR,Morocco,69.5029166666667
2021,MAR,Morocco,69.9604166666667
2022,MAR,Morocco,67.9945833333333
2023,MAR,Morocco,70.0108333333333
2024,MAR,Morocco,73.0683333333333
2016,MDA,Moldova,72.2125
2017,MDA,Moldova,70.2379166666667
2018,MDA,Moldova,76.62125
2019,MDA,Moldova,80.3225
2020,MDA,Moldova,82.26125
2021,MDA,Moldova,85.3341666666667
2022,MDA,Moldova,84.0791666666667
2023,MDA,Moldova,86.0716666666667
2024,MDA,Moldova,85.6741666666667
2016,MDG,Madagascar,40.2220833333333
2017,MDG,Madagascar,43.1933333333333
2018,MDG,Madagascar,51.3575
2019,MDG,Madagascar,51.14375
2020,MDG,Madagascar,54.8354166666667
2021,MDG,Madagascar,57.5441666666667
2022,MDG,Madagascar,58.4058333333333
2023,MDG,Madagascar,56.4083333333333
2024,MDG,Madagascar,57.4970833333333
2016,MDV,Maldives,49.8041666666667
2017,MDV,Maldives,50.305
2018,MDV,Maldives,51.2
2019,MDV,Maldives,53.6925
2020,MDV,Maldives,62.2270833333333
2021,MDV,Maldives,63.22875
2022,MDV,Maldives,59.2520833333333
2023,MDV,Maldives,65.2608333333333
2024,MDV,Maldives,64.3741666666667
2016,MEX,Mexico,79.6875
2017,MEX,Mexico,87.7141666666667
2018,MEX,Mexico,86.4316666666667
2019,MEX,Mexico,86.1704166666667
2020,MEX,Mexico,86.3304166666667
2021,MEX,Mexico,89.1208333333333
2022,MEX,Mexico,88.9745833333333
2023,MEX,Mexico,91.6383333333334
2024,MEX,Mexico,90.9504166666667
2016,MHL,Marshall Islands,16.5775
2017,MHL,Marshall Islands,20.8920833333333
2018,MHL,Marshall Islands,21.2904166666667
2019,MHL,Marshall Islands,21.5204166666667
2020,MHL,Marshall Islands,35.4595833333333
2021,MHL,Marshall Islands,41.9666666666667
2022,MHL,Marshall Islands,40.1066666666667
2023,MHL,Marshall Islands,40.9816666666667
2024,MHL,Marshall Islands,43.5404166666667
2016,MKD,North Macedonia,62.6070833333333
2017,MKD,North Macedonia,66.03625
2018,MKD,North Macedonia,70.80875
2019,MKD,North Macedonia,72.69875
2020,MKD,North Macedonia,77.7220833333333
2021,MKD,North Macedonia,83.6883333333333
2022,MKD,North Macedonia,82.5475
2023,MKD,North Macedonia,84.95875
2024,MKD,North Macedonia,87.1729166666667
2016,MLI,Mali,49.6779166666667
2017,MLI,Mali,53.8729166666667
2018,MLI,Mali,57.43
2019,MLI,Mali,52.77125
2020,MLI,Mali,54.06125
2021,MLI,Mali,62.78625
2022,MLI,Mali,64.4120833333333
2023,MLI,Mali,63.3783333333333
2024,MLI,Mali,66.5058333333333
2016,MLT,Malta,70.0704166666667
2017,MLT,Malta,74.49625
2018,MLT,Malta,74.7083333333333
2019,MLT,Malta,75.5383333333333
2020,MLT,Malta,74.4925
2021,MLT,Malta,81.6104166666667
2022,MLT,Malta,81.6720833333333
2023,MLT,Malta,85.6558333333333
2024,MLT,Malta,83.8475
2016,MMR,Myanmar,44.09
2017,MMR,Myanmar,53.8825
2018,MMR,Myanmar,60.9366666666667
2019,MMR,Myanmar,63.7629166666666
2020,MMR,Myanmar,65.3875
2021,MMR,Myanmar,65.4308333333333
2022,MMR,Myanmar,65.9358333333333
2023,MMR,Myanmar,64.8895833333333
2024,MMR,Myanmar,64.52125
2016,MNE,Montenegro,57.2633333333333
2017,MNE,Montenegro,60.6254166666667
2018,MNE,Montenegro,63.4104166666667
2019,MNE,Montenegro,65.6891666666667
2020,MNE,Montenegro,69.8220833333333
2021,MNE,Montenegro,78.2041666666667
2022,MNE,Montenegro,72.1045833333333
2023,MNE,Montenegro,71.9441666666667
2024,MNE,Montenegro,73.8920833333333
2016,MNG,Mongolia,68.1816666666667
2017,MNG,Mongolia,74.1120833333333
2018,MNG,Mongolia,77.4620833333333
2019,MNG,Mongolia,77.2833333333333
2020,MNG,Mongolia,83.1845833333333
2021,MNG,Mongolia,84.495
2022,MNG,Mongolia,81.9875
2023,MNG,Mongolia,82.70875
2024,MNG,Mongolia,83.7333333333333
2016,MOZ,Mozambique,52.6720833333333
2017,MOZ,Mozambique,56.3908333333333
2018,MOZ,Mozambique,56.5979166666667
2019,MOZ,Mozambique,59.2304166666667
2020,MOZ,Mozambique,55.8683333333333
2021,MOZ,Mozambique,59.1170833333333
2022,MOZ,Mozambique,63.8291666666667
2023,MOZ,Mozambique,65.4266666666667
2024,MOZ,Mozambique,66.7375
2016,MRT,Mauritania,40.8541666666667
2017,MRT,Mauritania,45.1145833333333
2018,MRT,Mauritania,50.94875
2019,MRT,Mauritania,54.39875
2020,MRT,Mauritania,53.8479166666667
2021,MRT,Mauritania,59.6341666666667
2022,MRT,Mauritania,59.7404166666667
2023,MRT,Mauritania,60.8304166666667
2024,MRT,Mauritania,58.4483333333333
2016,MUS,Mauritius,74.7308333333333
2017,MUS,Mauritius,75.6425
2018,MUS,Mauritius,74.2945833333333
2019,MUS,Mauritius,72.5670833333333
2020,MUS,Mauritius,74.0791666666667
2021,MUS,Mauritius,75.1458333333333
2022,MUS,Mauritius,76.5225
2023,MUS,Mauritius,78.67625
2024,MUS,Mauritius,80.44125
2016,MWI,Malawi,55.4658333333334
2017,MWI,Malawi,57.455
2018,MWI,Malawi,55.6645833333333
2019,MWI,Malawi,58.3070833333334
2020,MWI,Malawi,60.6845833333333
2021,MWI,Malawi,65.4558333333333
2022,MWI,Malawi,62.7845833333333
2023,MWI,Malawi,63.5833333333333
2024,MWI,Malawi,64.34375
2016,MYS,Malaysia,61.3404166666667
2017,MYS,Malaysia,62.5358333333333
2018,MYS,Malaysia,70.4541666666667
2019,MYS,Malaysia,68.8904166666667
2020,MYS,Malaysia,70.7770833333333
2021,MYS,Malaysia,74.76625
2022,MYS,Malaysia,75.8316666666667
2023,MYS,Malaysia,80.0879166666667
2024,MYS,Malaysia,84.99125
2016,NAM,Namibia,49.8670833333333
2017,NAM,Namibia,52.9358333333333
2018,NAM,Namibia,52.5116666666667
2019,NAM,Namibia,50.2108333333333
2020,NAM,Namibia,50.965
2021,NAM,Namibia,54.5925
2022,NAM,Namibia,53.7083333333333
2023,NAM,Namibia,55.0129166666667
2024,NAM,Namibia,55.6641666666667
2016,NER,Niger,53.9579166666667
2017,NER,Niger,56.9245833333334
2018,NER,Niger,56.8858333333333
2019,NER,Niger,57.3558333333333
2020,NER,Niger,60.7879166666667
2021,NER,Niger,68.3879166666667
2022,NER,Niger,68.7658333333333
2023,NER,Niger,66.90625
2024,NER,Niger,70.4654166666667
2016,NGA,Nigeria,57.1170833333333
2017,NGA,Nigeria,56.0420833333333
2018,NGA,Nigeria,54.2404166666667
2019,NGA,Nigeria,56.9154166666667
2020,NGA,Nigeria,58.7908333333333
2021,NGA,Nigeria,62.3745833333333
2022,NGA,Nigeria,62.7533333333333
2023,NGA,Nigeria,65.5570833333333
2024,NGA,Nigeria,69.1175
2016,NIC,Nicaragua,48.1879166666667
2017,NIC,Nicaragua,47.9541666666667
2018,NIC,Nicaragua,51.5208333333333
2019,NIC,Nicaragua,51.6545833333333
2020,NIC,Nicaragua,49.1745833333333
2021,NIC,Nicaragua,56.59125
2022,NIC,Nicaragua,55.35875
2023,NIC,Nicaragua,56.45375
2024,NIC,Nicaragua,55.80375
2016,NLD,Netherlands,74.1441666666667
2017,NLD,Netherlands,76.21625
2018,NLD,Netherlands,84.2195833333333
2019,NLD,Netherlands,84.2658333333333
2020,NLD,Netherlands,84.9170833333333
2021,NLD,Netherlands,89.35875
2022,NLD,Netherlands,88.16
2023,NLD,Netherlands,89.9825
2024,NLD,Netherlands,85.1329166666667
2016,NOR,Norway,78.8220833333333
2017,NOR,Norway,82.61625
2018,NOR,Norway,90.1625
2019,NOR,Norway,90.09375
2020,NOR,Norway,90.4683333333333
2021,NOR,Norway,93.7625
2022,NOR,Norway,92.6991666666667
2023,NOR,Norway,94.5566666666667
2024,NOR,Norway,94.1433333333333
2016,NPL,Nepal,48.2283333333333
2017,NPL,Nepal,53.2333333333333
2018,NPL,Nepal,53.8891666666667
2019,NPL,Nepal,52.8891666666667
2020,NPL,Nepal,54.97
2021,NPL,Nepal,65.66125
2022,NPL,Nepal,62.70125
2023,NPL,Nepal,61.01875
2024,NPL,Nepal,60.3679166666667
2022,NRU,Nauru,41.44875
2023,NRU,Nauru,46.4825
2024,NRU,Nauru,47.9395833333333
2016,NZL,New Zealand,78.9629166666667
2017,NZL,New Zealand,83.5525
2018,NZL,New Zealand,83.5
2019,NZL,New Zealand,83.50375
2020,NZL,New Zealand,83.67125
2021,NZL,New Zealand,88.6279166666667
2022,NZL,New Zealand,87.9345833333333
2023,NZL,New Zealand,91.3095833333334
2024,NZL,New Zealand,91.73875
2016,OMN,Oman,41.2433333333333
2017,OMN,Oman,48.9541666666667
2018,OMN,Oman,49.9345833333333
2019,OMN,Oman,50.8695833333333
2020,OMN,Oman,55.17125
2021,OMN,Oman,57.5679166666667
2022,OMN,Oman,58.6279166666667
2023,OMN,Oman,58.2466666666667
2024,OMN,Oman,59.2208333333333
2016,PAK,Pakistan,56.9233333333333
2017,PAK,Pakistan,59.4883333333333
2018,PAK,Pakistan,62.2079166666667
2019,PAK,Pakistan,61.0054166666667
2020,PAK,Pakistan,62.9104166666667
2021,PAK,Pakistan,68.34
2022,PAK,Pakistan,69.2445833333333
2023,PAK,Pakistan,68.9108333333333
2024,PAK,Pakistan,68.06125
2016,PAN,Panama,54.9341666666667
2017,PAN,Panama,57.6179166666667
2018,PAN,Panama,62.9083333333333
2019,PAN,Panama,64.5845833333333
2020,PAN,Panama,67.62875
2021,PAN,Panama,71.6283333333333
2022,PAN,Panama,73.43625
2023,PAN,Panama,76.2795833333333
2024,PAN,Panama,77.7325
2016,PER,Peru,62.89375
2017,PER,Peru,66.1183333333333
2018,PER,Peru,68.2729166666667
2019,PER,Peru,68.0129166666667
2020,PER,Peru,68.24625
2021,PER,Peru,75.7966666666667
2022,PER,Peru,77.1729166666667
2023,PER,Peru,78.7158333333333
2024,PER,Peru,81.98125
2016,PHL,Philippines,73.24375
2017,PHL,Philippines,74.4920833333333
2018,PHL,Philippines,75.8795833333333
2019,PHL,Philippines,75.3933333333333
2020,PHL,Philippines,79.1520833333334
2021,PHL,Philippines,81.9195833333333
2022,PHL,Philippines,81.4520833333333
2023,PHL,Philippines,82.70375
2024,PHL,Philippines,83.835
2020,PLW,Palau,53.6304166666667
2021,PLW,Palau,55.4129166666667
2022,PLW,Palau,51.6916666666667
2023,PLW,Palau,55.0654166666667
2024,PLW,Palau,60.9541666666667
2016,PNG,Papua New Guinea,26.9654166666667
2017,PNG,Papua New Guinea,32.725
2018,PNG,Papua New Guinea,40.585
2019,PNG,Papua New Guinea,40.50625
2020,PNG,Papua New Guinea,44.4420833333333
2021,PNG,Papua New Guinea,46.4770833333333
2022,PNG,Papua New Guinea,44.0408333333333
2023,PNG,Papua New Guinea,44.2445833333333
2024,PNG,Papua New Guinea,43.6275
2016,POL,Poland,81.7195833333333
2017,POL,Poland,82.5841666666667
2018,POL,Poland,88.2295833333333
2019,POL,Poland,89.0708333333333
2020,POL,Poland,89.9004166666667
2021,POL,Poland,94.5858333333333
2022,POL,Poland,94.18875
2023,POL,Poland,94.65375
2024,POL,Poland,91.10625
2016,PRT,Portugal,85.675
2017,PRT,Portugal,86.14375
2018,PRT,Portugal,85.9591666666667
2019,PRT,Portugal,86.2591666666667
2020,PRT,Portugal,87.1495833333333
2021,PRT,Portugal,91.56875
2022,PRT,Portugal,92.3583333333333
2023,PRT,Portugal,93.7783333333333
2024,PRT,Portugal,90.7079166666667
2016,PRY,Paraguay,53.0204166666667
2017,PRY,Paraguay,55.7441666666667
2018,PRY,Paraguay,57.6354166666667
2019,PRY,Paraguay,59.3795833333333
2020,PRY,Paraguay,65.6670833333333
2021,PRY,Paraguay,70.04875
2022,PRY,Paraguay,71.2933333333333
2023,PRY,Paraguay,71.6183333333333
2024,PRY,Paraguay,74.2079166666667
2017,PSE,West Bank and Gaza,58.5083333333333
2018,PSE,West Bank and Gaza,67.0379166666667
2019,PSE,West Bank and Gaza,66.7629166666667
2020,PSE,West Bank and Gaza,73.1920833333333
2021,PSE,West Bank and Gaza,77.8625
2022,PSE,West Bank and Gaza,74.925
2023,PSE,West Bank and Gaza,76.3475
2024,PSE,West Bank and Gaza,74.4004166666667
2016,QAT,Qatar,44.81625
2017,QAT,Qatar,47.7133333333333
2018,QAT,Qatar,47.8679166666667
2019,QAT,Qatar,55.5183333333333
2020,QAT,Qatar,56.2629166666667
2021,QAT,Qatar,67.26625
2022,QAT,Qatar,66.71375
2023,QAT,Qatar,66.78625
2024,QAT,Qatar,68.1045833333334
2017,ROU,Romania,72.455
2018,ROU,Romania,78.1691666666667
2019,ROU,Romania,79.1779166666667
2020,ROU,Romania,84.4579166666667
2021,ROU,Romania,82.5745833333333
2022,ROU,Romania,86.64625
2023,ROU,Romania,88.6175
2024,ROU,Romania,91.045
2016,RUS,Russian Federation,69.5808333333333
2017,RUS,Russian Federation,72.35625
2018,RUS,Russian Federation,74.2066666666667
2019,RUS,Russian Federation,75.8504166666667
2020,RUS,Russian Federation,77.855
2021,RUS,Russian Federation,81.5004166666667
2022,RUS,Russian Federation,80.9945833333333
2023,RUS,Russian Federation,80.9458333333333
2024,RUS,Russian Federation,81.5008333333333
2016,RWA,Rwanda,54.7895833333333
2017,RWA,Rwanda,63.735
2018,RWA,Rwanda,65.0395833333333
2019,RWA,Rwanda,62.7920833333333
2020,RWA,Rwanda,65.7395833333333
2021,RWA,Rwanda,70.19625
2022,RWA,Rwanda,67.6766666666667
2023,RWA,Rwanda,73.1391666666667
2024,RWA,Rwanda,72.6016666666667
2016,SAU,Saudi Arabia,42.69875
2017,SAU,Saudi Arabia,47.2266666666667
2018,SAU,Saudi Arabia,55.125
2019,SAU,Saudi Arabia,59.71875
2020,SAU,Saudi Arabia,67.3304166666667
2021,SAU,Saudi Arabia,72.3025
2022,SAU,Saudi Arabia,76.3870833333333
2023,SAU,Saudi Arabia,83.8633333333333
2024,SAU,Saudi Arabia,83.2875
2016,SDN,Sudan,38.2004166666667
2017,SDN,Sudan,34.64875
2018,SDN,Sudan,42.7483333333333
2019,SDN,Sudan,39.49125
2020,SDN,Sudan,36.3325
2021,SDN,Sudan,39.57875
2022,SDN,Sudan,43.3125
2023,SDN,Sudan,44.06
2024,SDN,Sudan,42.09625
2016,SEN,Senegal,55.0791666666667
2017,SEN,Senegal,60.3791666666667
2018,SEN,Senegal,63.8304166666667
2019,SEN,Senegal,65.9004166666667
2020,SEN,Senegal,68.2858333333333
2021,SEN,Senegal,77.4595833333333
2022,SEN,Senegal,75.63125
2023,SEN,Senegal,76.87875
2024,SEN,Senegal,81.4141666666667
2016,SGP,Singapore,65.2770833333333
2017,SGP,Singapore,67.9975
2018,SGP,Singapore,77.9316666666667
2019,SGP,Singapore,78.1091666666667
2020,SGP,Singapore,81.53375
2021,SGP,Singapore,85.0679166666667
2022,SGP,Singapore,86.6675
2023,SGP,Singapore,88.7675
2024,SGP,Singapore,88.31875
2016,SLB,Solomon Islands,33.0433333333333
2017,SLB,Solomon Islands,38.59625
2018,SLB,Solomon Islands,44.4333333333333
2019,SLB,Solomon Islands,41.3245833333333
2020,SLB,Solomon Islands,43.6316666666667
2021,SLB,Solomon Islands,50.3341666666667
2022,SLB,Solomon Islands,50.4025
2023,SLB,Solomon Islands,49.255
2024,SLB,Solomon Islands,51.0316666666667
2016,SLE,Sierra Leone,45.5879166666667
2017,SLE,Sierra Leone,49.1516666666667
2018,SLE,Sierra Leone,53.5883333333333
2019,SLE,Sierra Leone,53.1533333333333
2020,SLE,Sierra Leone,52.015
2021,SLE,Sierra Leone,58.83625
2022,SLE,Sierra Leone,60.32625
2023,SLE,Sierra Leone,61.105
2024,SLE,Sierra Leone,59.9416666666667
2016,SLV,El Salvador,67.3695833333333
2017,SLV,El Salvador,68.1208333333333
2018,SLV,El Salvador,69.9416666666667
2019,SLV,El Salvador,69.4633333333333
2020,SLV,El Salvador,65.0770833333333
2021,SLV,El Salvador,74.4175
2022,SLV,El Salvador,74.0933333333333
2023,SLV,El Salvador,75.5608333333333
2024,SLV,El Salvador,73.74
2017,SOM,"Somalia, Fed. Rep.",11.7695833333333
2018,SOM,"Somalia, Fed. Rep.",19.6791666666667
2019,SOM,"Somalia, Fed. Rep.",25.9479166666667
2020,SOM,"Somalia, Fed. Rep.",34.9908333333333
2021,SOM,"Somalia, Fed. Rep.",41.6083333333333
2022,SOM,"Somalia, Fed. Rep.",43.9133333333333
2023,SOM,"Somalia, Fed. Rep.",45.6783333333333
2024,SOM,"Somalia, Fed. Rep.",51.7108333333333
2016,SRB,Serbia,68.7741666666667
2017,SRB,Serbia,73.7370833333333
2018,SRB,Serbia,75.2854166666667
2019,SRB,Serbia,75.7929166666667
2020,SRB,Serbia,80.8620833333333
2021,SRB,Serbia,81.1475
2022,SRB,Serbia,79.8208333333333
2023,SRB,Serbia,84.0720833333334
2024,SRB,Serbia,80.48875
2016,SSD,South Sudan,30.785
2017,SSD,South Sudan,23.9608333333333
2018,SSD,South Sudan,25.3758333333333
2019,SSD,South Sudan,31.1691666666667
2020,SSD,South Sudan,29.8545833333333
2021,SSD,South Sudan,32.1920833333333
2022,SSD,South Sudan,29.2166666666667
2023,SSD,South Sudan,23.84125
2024,SSD,South Sudan,27.1225
2016,STP,Sao Tome and Principe,45.595
2017,STP,Sao Tome and Principe,50.925
2018,STP,Sao Tome and Principe,51.135
2019,STP,Sao Tome and Principe,42.6308333333333
2020,STP,Sao Tome and Principe,54.41375
2021,STP,Sao Tome and Principe,57.2725
2022,STP,Sao Tome and Principe,55.8383333333333
2023,STP,Sao Tome and Principe,53.43125
2024,STP,Sao Tome and Principe,52.9704166666667
2016,SUR,Suriname,36.51625
2017,SUR,Suriname,42.12625
2018,SUR,Suriname,53.38
2019,SUR,Suriname,51.4729166666667
2020,SUR,Suriname,55.8666666666667
2021,SUR,Suriname,61.9458333333333
2022,SUR,Suriname,58.3320833333333
2023,SUR,Suriname,57.5375
2024,SUR,Suriname,58.625
2016,SVK,Slovak Republic,82.2020833333333
2017,SVK,Slovak Republic,85.67
2018,SVK,Slovak Republic,85.38625
2019,SVK,Slovak Republic,85.595
2020,SVK,Slovak Republic,86.2604166666667
2021,SVK,Slovak Republic,90.5233333333333
2022,SVK,Slovak Republic,88.4708333333333
2023,SVK,Slovak Republic,89.7683333333333
2024,SVK,Slovak Republic,83.25125
2016,SVN,Slovenia,86.86625
2017,SVN,Slovenia,88.3079166666667
2018,SVN,Slovenia,88.34
2019,SVN,Slovenia,88.60125
2020,SVN,Slovenia,89.7870833333333
2021,SVN,Slovenia,93.07
2022,SVN,Slovenia,92.7041666666667
2023,SVN,Slovenia,94.2204166666667
2024,SVN,Slovenia,91.0866666666667
2016,SWE,Sweden,88.0295833333333
2017,SWE,Sweden,88.67125
2018,SWE,Sweden,88.7216666666667
2019,SWE,Sweden,88.8641666666667
2020,SWE,Sweden,90.25875
2021,SWE,Sweden,93.4429166666667
2022,SWE,Sweden,92.96125
2023,SWE,Sweden,94.41
2024,SWE,Sweden,92.66125
2016,SWZ,Eswatini,46.20125
2017,SWZ,Eswatini,49.68375
2018,SWZ,Eswatini,58.5420833333334
2019,SWZ,Eswatini,51.1804166666667
2020,SWZ,Eswatini,47.2075
2021,SWZ,Eswatini,56.45875
2022,SWZ,Eswatini,52.9958333333333
2023,SWZ,Eswatini,61.5225
2024,SWZ,Eswatini,60.965
2017,SYC,Seychelles,52.9783333333333
2018,SYC,Seychelles,57.5754166666667
2019,SYC,Seychelles,59.9091666666667
2020,SYC,Seychelles,61.8516666666667
2021,SYC,Seychelles,60.2858333333333
2022,SYC,Seychelles,59.3491666666667
2023,SYC,Seychelles,59.9979166666667
2024,SYC,Seychelles,64.53375
2017,SYR,Syrian Arab Republic,24.1079166666667
2018,SYR,Syrian Arab Republic,23.98875
2019,SYR,Syrian Arab Republic,24.11375
2020,SYR,Syrian Arab Republic,25.1108333333333
2021,SYR,Syrian Arab Republic,26.7470833333333
2022,SYR,Syrian Arab Republic,28.2629166666667
2023,SYR,Syrian Arab Republic,31.8379166666667
2024,SYR,Syrian Arab Republic,32.4175
2016,TCD,Chad,28.5029166666667
2017,TCD,Chad,31.7166666666667
2018,TCD,Chad,31.9166666666667
2019,TCD,Chad,38.8833333333333
2020,TCD,Chad,41.17375
2021,TCD,Chad,46.84875
2022,TCD,Chad,48.6058333333333
2023,TCD,Chad,52.3658333333333
2024,TCD,Chad,53.56625
2016,TGO,Togo,52.0383333333333
2017,TGO,Togo,59.4466666666667
2018,TGO,Togo,60.9291666666667
2019,TGO,Togo,61.2104166666667
2020,TGO,Togo,62.40875
2021,TGO,Togo,69.7666666666667
2022,TGO,Togo,68.2279166666667
2023,TGO,Togo,64.4258333333333
2024,TGO,Togo,66.5520833333333
2016,THA,Thailand,77.6920833333333
2017,THA,Thailand,76.2504166666667
2018,THA,Thailand,76.6933333333333
2019,THA,Thailand,76.1208333333333
2020,THA,Thailand,79.2775
2021,THA,Thailand,82.6841666666667
2022,THA,Thailand,83.9741666666667
2023,THA,Thailand,83.5783333333333
2024,THA,Thailand,85.0391666666667
2016,TJK,Tajikistan,50.8895833333333
2017,TJK,Tajikistan,55.6191666666667
2018,TJK,Tajikistan,56.1866666666667
2019,TJK,Tajikistan,56.4304166666667
2020,TJK,Tajikistan,57.2054166666667
2021,TJK,Tajikistan,56.7120833333333
2022,TJK,Tajikistan,53.2470833333333
2023,TJK,Tajikistan,53.6083333333333
2024,TJK,Tajikistan,63.86875
2016,TKM,Turkmenistan,19.1633333333333
2017,TKM,Turkmenistan,22.215
2018,TKM,Turkmenistan,16.6470833333333
2019,TKM,Turkmenistan,23.1408333333333
2020,TKM,Turkmenistan,26.84125
2021,TKM,Turkmenistan,28.675
2022,TKM,Turkmenistan,30.74625
2023,TKM,Turkmenistan,30.7175
2024,TKM,Turkmenistan,29.6541666666667
2017,TLS,Timor-Leste,48.83875
2018,TLS,Timor-Leste,54.9483333333333
2019,TLS,Timor-Leste,56.37875
2020,TLS,Timor-Leste,55.93125
2021,TLS,Timor-Leste,57.99375
2022,TLS,Timor-Leste,60.4233333333333
2023,TLS,Timor-Leste,61.8008333333333
2024,TLS,Timor-Leste,60.5166666666667
2020,TON,Tonga,55.4608333333333
2021,TON,Tonga,66.18375
2022,TON,Tonga,63.55
2023,TON,Tonga,64.05
2024,TON,Tonga,63.2033333333333
2016,TTO,Trinidad and Tobago,38.9270833333333
2017,TTO,Trinidad and Tobago,39.8308333333333
2018,TTO,Trinidad and Tobago,47.01125
2019,TTO,Trinidad and Tobago,44.5433333333333
2020,TTO,Trinidad and Tobago,44.53625
2021,TTO,Trinidad and Tobago,55.4441666666667
2022,TTO,Trinidad and Tobago,57.9470833333333
2023,TTO,Trinidad and Tobago,57.7820833333333
2024,TTO,Trinidad and Tobago,59.3841666666667
2016,TUN,Tunisia,62.4075
2017,TUN,Tunisia,60.32125
2018,TUN,Tunisia,64.7183333333333
2019,TUN,Tunisia,64.9008333333333
2020,TUN,Tunisia,66.4395833333333
2021,TUN,Tunisia,74.73
2022,TUN,Tunisia,75.2508333333333
2023,TUN,Tunisia,75.4545833333333
2024,TUN,Tunisia,75.4575
2016,TUR,Turkiye,72.6454166666667
2017,TUR,Turkiye,77.2029166666667
2018,TUR,Turkiye,77.99
2019,TUR,Turkiye,78.47125
2020,TUR,Turkiye,78.1458333333333
2021,TUR,Turkiye,80.0825
2022,TUR,Turkiye,77.7208333333333
2023,TUR,Turkiye,78.6770833333333
2024,TUR,Turkiye,79.3483333333333
2022,TUV,Tuvalu,41.4225
2023,TUV,Tuvalu,42.68875
2024,TUV,Tuvalu,43.0166666666667
2016,TZA,Tanzania,61.2458333333333
2017,TZA,Tanzania,62.4770833333333
2018,TZA,Tanzania,57.68125
2019,TZA,Tanzania,58.2345833333333
2020,TZA,Tanzania,61.5308333333333
2021,TZA,Tanzania,64.6225
2022,TZA,Tanzania,69.21125
2023,TZA,Tanzania,70.85125
2024,TZA,Tanzania,68.2204166666667
2016,UGA,Uganda,63.9345833333333
2017,UGA,Uganda,67.79
2018,UGA,Uganda,65.8483333333333
2019,UGA,Uganda,67.7375
2020,UGA,Uganda,68.6954166666667
2021,UGA,Uganda,72.4933333333333
2022,UGA,Uganda,65.25875
2023,UGA,Uganda,66.6275
2024,UGA,Uganda,68.6995833333333
2016,UKR,Ukraine,67.3445833333333
2017,UKR,Ukraine,68.2529166666667
2018,UKR,Ukraine,69.2279166666667
2019,UKR,Ukraine,72.1441666666667
2020,UKR,Ukraine,76.0125
2021,UKR,Ukraine,80.0591666666667
2022,UKR,Ukraine,77.5233333333333
2023,UKR,Ukraine,78.4133333333333
2024,UKR,Ukraine,75.9970833333334
2016,URY,Uruguay,65.5325
2017,URY,Uruguay,68.3375
2018,URY,Uruguay,67.8008333333333
2019,URY,Uruguay,66.9920833333333
2020,URY,Uruguay,70.6458333333333
2021,URY,Uruguay,80.94
2022,URY,Uruguay,76.6745833333333
2023,URY,Uruguay,81.1004166666667
2024,URY,Uruguay,80.1466666666667
2016,USA,United States,87.97
2017,USA,United States,87.1091666666667
2018,USA,United States,87.2495833333333
2019,USA,United States,87.2570833333333
2020,USA,United States,86.8983333333333
2021,USA,United States,92.75
2022,USA,United States,91.8754166666667
2023,USA,United States,93.4304166666667
2024,USA,United States,90.05875
2016,UZB,Uzbekistan,37.73125
2017,UZB,Uzbekistan,43.625
2018,UZB,Uzbekistan,50.5429166666667
2019,UZB,Uzbekistan,53.91
2020,UZB,Uzbekistan,67.8033333333333
2021,UZB,Uzbekistan,71.055
2022,UZB,Uzbekistan,75.7908333333333
2023,UZB,Uzbekistan,81.9920833333333
2024,UZB,Uzbekistan,81.4908333333333
2016,VCT,St. Vincent and the Grenadines,39.17875
2017,VCT,St. Vincent and the Grenadines,37.63125
2018,VCT,St. Vincent and the Grenadines,45.2608333333333
2019,VCT,St. Vincent and the Grenadines,48.1245833333333
2020,VCT,St. Vincent and the Grenadines,47.6695833333333
2021,VCT,St. Vincent and the Grenadines,48.53625
2022,VCT,St. Vincent and the Grenadines,48.2795833333333
2023,VCT,St. Vincent and the Grenadines,48.3870833333333
2024,VCT,St. Vincent and the Grenadines,51.9591666666667
2016,VEN,"Venezuela, RB",45.18
2017,VEN,"Venezuela, RB",52.1679166666667
2018,VEN,"Venezuela, RB",49.0383333333333
2019,VEN,"Venezuela, RB",47.865
2020,VEN,"Venezuela, RB",47.94625
2021,VEN,"Venezuela, RB",49.57
2022,VEN,"Venezuela, RB",48.6266666666667
2023,VEN,"Venezuela, RB",39.3925
2024,VEN,"Venezuela, RB",39.4575
2016,VNM,Viet Nam,53.7116666666667
2017,VNM,Viet Nam,59.125
2018,VNM,Viet Nam,59.6283333333333
2019,VNM,Viet Nam,58.9620833333333
2020,VNM,Viet Nam,61.5004166666667
2021,VNM,Viet Nam,67.1033333333333
2022,VNM,Viet Nam,66.7179166666667
2023,VNM,Viet Nam,71.6241666666667
2024,VNM,Viet Nam,67.2383333333333
2016,VUT,Vanuatu,38.1416666666667
2017,VUT,Vanuatu,40.5075
2018,VUT,Vanuatu,39.4991666666667
2019,VUT,Vanuatu,42.6816666666667
2020,VUT,Vanuatu,41.9579166666667
2021,VUT,Vanuatu,50.6383333333333
2022,VUT,Vanuatu,52.0345833333333
2023,VUT,Vanuatu,52.9358333333333
2024,VUT,Vanuatu,53.4470833333333
2016,WSM,Samoa,53.1758333333333
2017,WSM,Samoa,58.5854166666667
2018,WSM,Samoa,58.9070833333333
2019,WSM,Samoa,55.3870833333333
2020,WSM,Samoa,59.5925
2021,WSM,Samoa,64.42375
2022,WSM,Samoa,64.0295833333333
2023,WSM,Samoa,64.7845833333333
2024,WSM,Samoa,62.8295833333333
2016,YEM,"Yemen, Rep.",39.09875
2017,YEM,"Yemen, Rep.",43.6045833333333
2018,YEM,"Yemen, Rep.",39.7233333333333
2019,YEM,"Yemen, Rep.",33.5945833333333
2020,YEM,"Yemen, Rep.",29.0866666666667
2021,YEM,"Yemen, Rep.",28.3154166666667
2022,YEM,"Yemen, Rep.",32.9179166666667
2023,YEM,"Yemen, Rep.",37.6945833333333
2024,YEM,"Yemen, Rep.",37.4358333333333
2016,ZAF,South Africa,76.1520833333333
2017,ZAF,South Africa,75.9354166666667
2018,ZAF,South Africa,75.5795833333333
2019,ZAF,South Africa,73.6383333333333
2020,ZAF,South Africa,75.4975
2021,ZAF,South Africa,81.0429166666667
2022,ZAF,South Africa,81.2425
2023,ZAF,South Africa,81.7025
2024,ZAF,South Africa,81.2879166666667
2016,ZMB,Zambia,56.2475
2017,ZMB,Zambia,60.2804166666667
2018,ZMB,Zambia,60.6825
2019,ZMB,Zambia,60.1875
2020,ZMB,Zambia,62.8283333333333
2021,ZMB,Zambia,62.2979166666667
2022,ZMB,Zambia,62.2145833333333
2023,ZMB,Zambia,63.5008333333333
2024,ZMB,Zambia,64.1683333333333
2016,ZWE,Zimbabwe,41.3145833333333
2017,ZWE,Zimbabwe,51.0058333333333
2018,ZWE,Zimbabwe,58.18
2019,ZWE,Zimbabwe,64.3225
2020,ZWE,Zimbabwe,67.9741666666667
2021,ZWE,Zimbabwe,72.4641666666667
2022,ZWE,Zimbabwe,70.27125
2023,ZWE,Zimbabwe,70.4025
2024,ZWE,Zimbabwe,66.8020833333333
